index_type,avg_latency,std_latency,avg_recall,std_recall,search_params,build_time
FLAT,0.3704838752746582,0.055494188942676444,1.0,0.0,{},0.5164914131164551
IVF_FLAT,0.30132532119750977,0.01950084414528466,0.27899999999999997,0.0,{'nprobe': 16},1.527477741241455
IVF_SQ8,0.2825450897216797,0.014185409457086616,0.27899999999999997,0.0,{'nprobe': 16},0.519007682800293
